1,265216,False
1,92161,False
1,68608,False
1,483331,True
1,130052,True
1,114693,True
1,304131,False
1,377863,True
1,345099,True
1,346124,False
1,139282,False
1,79894,False
1,43035,True
1,441373,False
1,379935,False
1,139302,True
1,41001,False
1,381996,False
1,197679,False
1,200764,True
1,260156,False
1,325694,True
1,368706,False
1,494662,False
1,390215,True
1,489546,False
1,17485,True
1,41039,True
1,365651,False
1,394325,True
1,154719,False
1,65632,True
1,253029,True
1,243817,True
1,348268,True
1,485488,True
1,348272,True
1,436338,True
1,30838,True
1,241786,True
1,365692,True
1,186494,True
1,394372,True
1,164999,True
1,272525,False
1,367764,False
1,458903,True
1,356504,False
1,409754,False
1,389277,False
1,109726,True
1,375970,False
1,362659,False
1,53410,True
1,362661,False
1,21669,True
1,497830,False
1,226472,True
1,398498,True
1,61610,True
1,301230,True
1,21679,True
1,486577,True
1,106675,True
1,348350,True
1,348354,True
1,471241,False
1,333002,True
1,457933,False
1,209,True
1,145623,False
1,3292,True
1,471262,False
1,213215,True
1,367845,False
1,387304,True
1,269545,False
1,101610,False
1,269546,False
1,206068,True
1,447733,True
1,376056,False
1,120060,False
1,122110,True
1,240898,False
1,352519,True
1,471303,False
1,471307,True
1,154891,False
1,120081,False
1,115986,True
1,96535,True
1,280855,False
1,106778,True
1,32027,False
1,471325,True
1,9502,True
1,96545,False
1,283939,True
1,91428,True
1,21797,False
1,18728,True
1,96554,True
1,46383,True
1,256304,True
1,102708,True
1,279861,True
1,60726,True
1,471353,True
1,471359,False
1,295240,True
1,76105,True
1,263498,False
1,176461,False
1,103758,True
1,66894,True
1,64854,True
1,221527,False
1,475479,False
1,54618,False
1,34138,False
1,321889,True
1,91492,False
1,22887,False
1,34154,False
1,221547,True
1,91500,False
1,22892,False
1,88430,True
1,61815,False
1,490872,True
1,87417,True
1,146807,False
1,243067,True
1,471419,False
1,471421,False
1,104823,False
1,471423,True
1,471426,False
1,34179,False
1,25989,True
1,220551,True
1,387464,True
1,470418,False
1,480659,True
1,345490,False
1,470422,True
1,61848,True
1,318874,False
1,403866,True
1,76191,True
1,78249,True
1,29104,False
1,128434,False
1,44467,False
1,366002,False
1,342454,False
1,230840,False
1,478651,False
1,118205,True
1,173504,False
1,230860,True
1,61901,True
1,352721,True
1,302546,True
1,480725,True
1,91610,True
1,332255,True
1,453092,False
1,52711,False
1,369132,True
1,214512,False
1,52725,False
1,260602,True
1,108026,True
1,142845,False
1,214532,True
1,101896,False
1,10760,True
1,342540,False
1,231948,True
1,68110,True
1,382487,False
1,236056,True
1,484890,False
1,117279,True
1,187941,True
1,448038,False
1,238122,True
1,108079,True
1,259633,False
1,60987,True
1,408125,False
1,57918,False
1,408128,False
1,194114,False
1,194118,True
1,311881,True
1,486985,False
1,104013,False
1,364113,True
1,125528,False
1,110174,True
1,453224,False
1,61035,True
1,262764,True
1,74349,True
1,352877,False
1,416370,False
1,7796,False
1,252536,True
1,148090,True
1,288379,True
1,291450,False
1,403069,True
1,244350,False
1,480892,True
1,116350,False
1,199298,True
1,361092,False
1,492166,False
1,265862,True
1,321161,True
1,5769,False
1,471692,False
1,368269,False
1,474769,False
1,61074,True
1,3731,True
1,37531,True
1,83611,False
1,481949,False
1,494248,True
1,480936,False
1,494249,False
1,490154,False
1,339628,True
1,488120,True
1,42682,True
1,258748,False
1,136894,True
1,102078,True
1,47814,False
1,450248,False
1,465609,False
1,115401,False
1,71373,False
1,446158,False
1,382671,False
1,328401,True
1,71381,True
1,246486,True
1,272091,True
1,120541,False
1,389853,False
1,412383,True
1,94944,False
1,144097,False
1,380641,True
1,278243,True
1,265954,True
1,256742,True
1,40681,True
1,407282,True
1,294643,True
1,233202,False
1,294647,True
1,185085,True
1,337662,True
1,144127,True
1,101132,True
1,48908,False
1,390929,False
1,412434,False
1,107293,True
1,354087,True
1,398123,True
1,396084,True
1,263991,True
1,19257,False
1,175929,False
1,77626,False
1,412484,True
1,60228,True
1,71494,True
1,217927,True
1,197444,True
1,58185,True
1,71492,True
1,113489,False
1,446293,False
1,294759,True
1,382823,False
1,35693,True
1,376686,False
1,146288,True
1,391033,False
1,294782,True
1,40834,False
1,492419,False
1,63366,True
1,58249,True
1,129930,True
1,366475,False
1,3979,True
1,416662,False
1,233367,True
1,58263,True
1,319385,False
1,79770,False
1,96156,True
1,114588,True
1,70561,True
1,482210,False
1,102310,False
1,240551,True
1,96168,False
1,41906,False
1,354227,False
1,120760,True
1,110520,True
1,142266,True
1,418745,True
1,422846,False
1,64448,False
1,99265,False
1,436163,True
1,488390,True
1,102342,False
1,432074,True
1,145359,False
1,145361,True
1,41942,False
1,130007,True
1,482263,True
1,130018,False
1,337893,True
1,83946,True
1,180206,True
1,145391,True
1,403438,True
1,155636,True
1,110581,False
1,387062,True
2,359429,False
2,345095,True
2,1035,False
2,51211,False
2,83983,False
2,370705,False
2,103448,True
2,216090,False
2,487455,True
2,216095,True
2,47138,True
2,116775,False
2,365611,False
2,490545,False
2,318519,False
2,321594,True
2,200764,True
2,260162,False
2,35909,False
2,231496,False
2,489547,True
2,120909,True
2,336973,True
2,110669,False
2,215118,False
2,122961,True
2,165970,False
2,270423,False
2,90200,False
2,54366,False
2,463968,True
2,28775,True
2,486509,True
2,330862,False
2,119920,False
2,325745,False
2,113778,False
2,61562,True
2,113787,False
2,314496,False
2,464001,False
2,494723,False
2,36998,True
2,78984,True
2,104585,True
2,367753,False
2,126091,True
2,121996,False
2,165002,False
2,237704,True
2,259219,True
2,472212,False
2,6298,True
2,34973,False
2,41118,False
2,383133,False
2,463005,True
2,208042,True
2,490671,False
2,270515,False
2,7349,False
2,170173,False
2,215231,True
2,262335,True
2,378051,False
2,136388,False
2,439498,False
2,202960,True
2,264400,False
2,471248,False
2,7379,False
2,152787,True
2,336095,True
2,219364,True
2,330981,False
2,362728,True
2,218347,False
2,264431,False
2,338164,True
2,447734,True
2,5368,False
2,121085,False
2,21772,False
2,471310,True
2,471313,True
2,63764,True
2,164116,False
2,131354,False
2,96539,True
2,36125,True
2,125213,True
2,374045,False
2,221473,True
2,64804,True
2,63781,True
2,121124,False
2,60713,True
2,5419,False
2,410925,True
2,87341,True
2,5421,False
2,487733,False
2,251189,False
2,65848,False
2,103739,False
2,271689,True
2,89421,True
2,10574,True
2,391508,True
2,273750,True
2,382295,True
2,266584,True
2,3417,False
2,183642,False
2,351584,False
2,101731,False
2,122213,True
2,78183,True
2,113001,False
2,105839,True
2,159090,False
2,319859,False
2,148855,False
2,54650,True
2,208253,False
2,429445,True
2,247174,True
2,220552,True
2,226696,False
2,220556,True
2,412044,False
2,152972,False
2,433552,False
2,208274,True
2,143762,True
2,480660,True
2,480664,True
2,107929,True
2,318878,True
2,42398,True
2,470434,False
2,49570,True
2,76201,False
2,42411,True
2,169391,False
2,115135,False
2,137672,True
2,485833,True
2,406987,True
2,49612,False
2,6603,True
2,353745,False
2,109010,False
2,56787,True
2,107993,False
2,407004,True
2,311772,False
2,300510,True
2,82398,False
2,77278,True
2,63968,False
2,102884,False
2,268776,False
2,356841,True
2,108010,True
2,249323,False
2,486893,False
2,252400,False
2,223729,True
2,308720,False
2,56819,True
2,218612,False
2,182773,False
2,352759,True
2,314876,False
2,377342,False
2,114179,True
2,160262,False
2,226828,False
2,143885,True
2,264718,False
2,322063,False
2,3597,True
2,430618,True
2,108062,False
2,166438,False
2,108071,True
2,124455,False
2,145961,False
2,378412,False
2,23084,True
2,97840,False
2,397872,True
2,316978,True
2,276018,False
2,191035,True
2,463422,True
2,73280,False
2,126528,True
2,127554,False
2,161350,True
2,271947,True
2,244301,True
2,4687,False
2,315984,False
2,364113,True
2,419411,False
2,155223,False
2,276061,False
2,365149,False
2,110174,True
2,37482,True
2,308847,True
2,182896,True
2,258673,False
2,154228,True
2,107132,False
2,247425,False
2,116354,False
2,390796,False
2,291469,True
2,462478,True
2,139919,False
2,316046,False
2,481941,False
2,487061,True
2,389782,False
2,299671,False
2,62105,True
2,42656,True
2,489127,True
2,128680,True
2,42666,True
2,128685,True
2,72368,False
2,273072,True
2,230066,False
2,41653,True
2,477878,True
2,53943,False
2,473784,True
2,154296,True
2,105146,False
2,102074,True
2,235197,True
2,446159,False
2,342741,False
2,154334,False
2,334562,False
2,278244,True
2,150244,True
2,144102,True
2,83688,False
2,420587,False
2,104172,False
2,358127,False
2,482031,False
2,433903,False
2,448246,True
2,263928,False
2,263929,False
2,129788,False
2,151294,True
2,231167,False
2,147200,False
2,244481,False
2,232194,False
2,121602,False
2,460548,False
2,287494,True
2,333579,False
2,58127,False
2,433937,False
2,251669,False
2,417559,False
2,58138,False
2,219931,True
2,62240,False
2,124705,True
2,75554,True
2,147238,False
2,158514,True
2,281394,False
2,31541,False
2,379704,False
2,19257,True
2,229178,True
2,455483,True
2,95036,False
2,115517,True
2,450374,True
2,242509,False
2,1871,True
2,318287,True
2,205655,False
2,151385,True
2,294745,True
2,288604,False
2,146269,False
2,189278,False
2,89951,False
2,474976,False
2,62305,False
2,486242,True
2,131946,True
2,387947,False
2,180075,False
2,10090,True
2,108409,True
2,333690,True
2,180090,False
2,40834,False
2,223108,True
2,129926,True
2,292745,False
2,405387,False
2,325516,True
2,79762,True
2,312211,True
2,74644,False
2,74647,False
2,223130,True
2,246684,False
2,924,False
2,428961,False
2,102310,True
2,450472,False
2,26542,False
2,292787,True
2,118708,False
2,238521,True
2,269242,True
2,238526,False
2,490431,True
2,289730,False
2,126916,True
2,354246,False
2,354248,True
2,57291,True
2,194509,True
2,410575,False
2,434129,False
2,306135,True
2,404445,False
2,195554,True
2,57315,True
2,133092,False
2,368612,True
2,304108,True
2,132077,False
2,104437,True
2,141302,True
2,110581,False
2,125944,True
3,18434,False
3,211974,False
3,446479,False
3,28689,False
3,190484,True
3,50202,True
3,46107,False
3,143387,True
3,269344,False
3,117794,True
3,465957,True
3,280615,True
3,352296,False
3,54314,False
3,453677,True
3,60464,False
3,18481,False
3,48179,False
3,201780,False
3,324661,True
3,443446,False
3,225336,False
3,189503,False
3,151618,False
3,59459,False
3,226371,False
3,291907,True
3,2120,False
3,154704,True
3,31830,False
3,41049,False
3,167001,False
3,443489,True
3,9318,True
3,498792,False
3,306283,True
3,154738,True
3,465012,True
3,405621,False
3,41084,False
3,144517,False
3,206982,True
3,17544,False
3,498826,False
3,139406,False
3,226447,True
3,184464,False
3,71824,True
3,142480,False
3,229526,False
3,490647,False
3,460958,False
3,53410,False
3,375972,False
3,241832,False
3,497833,False
3,408745,False
3,37039,False
3,53432,False
3,471226,False
3,255162,False
3,215228,True
3,408769,False
3,18627,False
3,83142,True
3,53448,True
3,258250,False
3,367819,False
3,139473,True
3,37074,False
3,17619,False
3,81113,True
3,237786,False
3,226528,False
3,172026,False
3,415970,True
3,306406,False
3,315628,False
3,45293,False
3,181492,False
3,471288,False
3,447736,False
3,387322,False
3,232699,False
3,447738,True
3,169211,False
3,60666,False
3,447739,True
3,474374,True
3,485645,False
3,487698,True
3,471316,True
3,471319,True
3,304411,True
3,174364,True
3,104731,False
3,447775,True
3,96544,True
3,67872,False
3,368930,True
3,431395,False
3,459047,False
3,55592,False
3,156969,False
3,168235,False
3,471344,False
3,257331,False
3,412981,True
3,5439,True
3,88384,False
3,415043,False
3,149828,False
3,98627,True
3,76117,False
3,371033,False
3,471391,False
3,31076,True
3,471397,False
3,226660,True
3,34156,False
3,442734,False
3,273776,True
3,471411,False
3,471412,False
3,471414,False
3,251268,False
3,34181,False
3,220553,True
3,220554,True
3,351629,False
3,10637,False
3,470418,True
3,480661,True
3,480662,True
3,143767,True
3,471448,False
3,148889,False
3,301465,True
3,317847,True
3,465307,True
3,470430,False
3,275873,False
3,258472,False
3,480681,False
3,490923,False
3,480685,False
3,173486,True
3,275887,False
3,148913,True
3,185777,True
3,112051,False
3,426421,False
3,480697,True
3,118205,True
3,308673,True
3,213448,False
3,337353,False
3,61901,False
3,302546,True
3,221651,False
3,99796,False
3,480726,True
3,208342,False
3,131545,True
3,237019,False
3,319965,False
3,237025,False
3,187873,False
3,138736,False
3,193009,False
3,378355,True
3,496116,False
3,427518,False
3,58880,False
3,226820,False
3,110087,False
3,370183,True
3,10760,False
3,367123,False
3,133652,False
3,362006,False
3,159258,True
3,4636,False
3,299551,True
3,193056,False
3,242209,True
3,414242,True
3,290349,False
3,412210,False
3,227892,False
3,227893,False
3,200250,False
3,405051,True
3,200254,True
3,230977,False
3,200265,True
3,196174,True
3,125521,True
3,234065,True
3,447060,False
3,240214,True
3,87640,False
3,448089,False
3,226917,True
3,459371,False
3,495215,False
3,214641,False
3,416370,False
3,151157,True
3,206457,True
3,396926,False
3,258687,False
3,251518,False
3,116350,False
3,239236,False
3,492166,False
3,389767,True
3,218759,False
3,492169,True
3,389769,False
3,341652,False
3,462490,False
3,69281,False
3,283299,False
3,293541,False
3,494249,True
3,4779,True
3,54956,False
3,240299,True
3,5807,False
3,261814,False
3,236216,False
3,22203,True
3,465595,False
3,365246,False
3,203457,True
3,115394,False
3,324292,False
3,70343,False
3,414415,True
3,26319,False
3,172755,True
3,99032,False
3,236258,False
3,427762,False
3,294643,True
3,136948,False
3,414453,True
3,294647,True
3,75513,False
3,187132,False
3,213762,True
3,405250,False
3,75525,False
3,434950,False
3,437004,False
3,417548,True
3,75537,True
3,365342,True
3,339756,True
3,98093,False
3,13101,False
3,140077,False
3,472879,False
3,200501,False
3,462646,False
3,49977,True
3,77626,False
3,190267,True
3,286528,False
3,42817,False
3,483137,False
3,27459,False
3,27465,False
3,244558,True
3,300881,False
3,5973,False
3,176984,True
3,100184,True
3,364378,False
3,100189,True
3,183143,False
3,462696,True
3,294759,True
3,16234,False
3,190316,False
3,56176,True
3,438129,False
3,419696,False
3,438133,False
3,441205,True
3,298876,True
3,156542,True
3,294782,True
3,391040,False
3,438145,False
3,203660,True
3,309132,True
3,424845,False
3,221071,False
3,405391,False
3,407439,False
3,50063,False
3,90001,False
3,302999,False
3,410525,False
3,320417,False
3,245666,True
3,121765,False
3,21416,False
3,151465,False
3,53161,False
3,69554,True
3,46020,False
3,214980,False
3,328648,True
3,307146,True
3,71631,False
3,137167,False
3,251859,False
3,312275,False
3,134100,False
3,326615,False
3,69596,False
3,27613,False
3,130013,False
3,145380,False
3,29669,False
3,326632,False
3,199658,False
3,192491,False
3,29675,False
3,110579,False
3,172020,False
3,172022,False
3,335864,False
3,50170,False
3,49148,True
3,207869,False
4,175104,True
4,269314,False
4,379907,True
4,338951,False
4,30730,False
4,367627,False
4,17420,True
4,480269,False
4,414736,False
4,449554,False
4,309267,False
4,59412,False
4,168987,True
4,269344,False
4,470050,True
4,465955,False
4,122916,True
4,465957,False
4,109607,True
4,94253,True
4,205871,False
4,461872,False
4,458804,True
4,124981,True
4,72757,False
4,412727,False
4,416824,True
4,348215,True
4,284730,False
4,30779,False
4,121916,False
4,121917,False
4,260162,False
4,151619,False
4,5188,True
4,474180,False
4,4166,False
4,398407,False
4,382023,True
4,151618,False
4,233543,False
4,462922,False
4,489549,True
4,485454,True
4,342097,False
4,31826,False
4,411732,False
4,76888,False
4,59484,False
4,76894,False
4,259167,True
4,287839,True
4,452707,True
4,485488,True
4,244850,True
4,294003,True
4,30838,False
4,222329,False
4,139389,False
4,186494,True
4,130174,True
4,42114,False
4,223362,False
4,364680,False
4,498826,False
4,121998,True
4,35983,True
4,226447,False
4,342161,False
4,474262,False
4,375959,True
4,202903,True
4,490647,False
4,375969,False
4,136354,False
4,51363,False
4,296097,False
4,466095,False
4,303279,False
4,139442,False
4,408759,False
4,51387,False
4,78017,False
4,471235,True
4,367811,True
4,78023,False
4,301257,False
4,362700,False
4,137422,True
4,209,True
4,313554,True
4,262358,False
4,123100,True
4,346340,True
4,292070,True
4,27880,False
4,488681,True
4,56556,True
4,9470,False
4,447743,True
4,376064,False
4,156931,False
4,69891,False
4,354568,True
4,27913,False
4,240912,False
4,297238,True
4,96535,False
4,83225,True
4,325916,False
4,138526,True
4,140574,True
4,96544,True
4,97571,False
4,224552,False
4,326961,True
4,11569,False
4,80182,False
4,433463,True
4,469305,False
4,166202,False
4,380217,False
4,94524,True
4,441661,False
4,231745,False
4,415043,False
4,104775,False
4,49480,True
4,296264,False
4,474442,True
4,65873,False
4,225621,False
4,456025,False
4,445785,False
4,226654,True
4,208223,False
4,170336,False
4,16735,False
4,112995,False
4,91492,False
4,91500,True
4,117100,True
4,81268,False
4,471413,False
4,490872,True
4,132473,True
4,198017,True
4,220554,False
4,220555,True
4,99729,True
4,470418,False
4,7569,False
4,107925,False
4,480663,True
4,215451,True
4,239005,False
4,271775,True
4,359841,False
4,470439,False
4,480681,True
4,297387,True
4,480684,False
4,359859,False
4,378293,True
4,480694,True
4,170421,True
4,41397,False
4,8636,False
4,118205,True
4,478656,True
4,175552,False
4,101826,True
4,221634,False
4,389570,False
4,338376,False
4,32203,True
4,61901,False
4,145869,False
4,146896,True
4,302546,True
4,8660,False
4,192981,False
4,133591,True
4,132569,True
4,325088,False
4,346593,False
4,223718,True
4,306667,False
4,138736,False
4,269808,True
4,347637,True
4,57849,True
4,177660,True
4,175612,False
4,486911,True
4,156163,False
4,445955,False
4,367109,False
4,10760,False
4,331274,False
4,289291,False
4,231948,False
4,452115,False
4,296468,False
4,23061,False
4,138776,True
4,159258,True
4,23074,False
4,56868,True
4,439845,False
4,124455,False
4,230957,False
4,30254,False
4,480815,True
4,88626,True
4,145980,True
4,30273,False
4,131650,False
4,158278,False
4,242247,True
4,364113,True
4,334421,True
4,31320,True
4,482907,False
4,426594,False
4,140900,True
4,214629,False
4,91759,False
4,416370,True
4,39541,True
4,26234,False
4,293501,True
4,199298,True
4,492166,True
4,218759,True
4,389767,False
4,105097,False
4,74379,True
4,132747,False
4,363148,False
4,389774,True
4,98958,True
4,119437,True
4,72337,True
4,44694,False
4,61081,True
4,304795,True
4,183965,False
4,98978,True
4,90792,True
4,77485,False
4,393902,True
4,124592,True
4,453297,False
4,291506,False
4,245429,False
4,229051,True
4,22203,False
4,271037,False
4,48830,False
4,438975,True
4,249537,False
4,146116,False
4,453318,False
4,63177,True
4,359119,False
4,446161,True
4,60115,True
4,487124,False
4,70355,False
4,105177,True
4,349919,False
4,380641,False
4,332517,False
4,90854,True
4,115431,False
4,136936,True
4,40681,False
4,45804,False
4,343790,True
4,132846,False
4,407282,True
4,294643,True
4,294647,True
4,326394,False
4,297732,False
4,116485,False
4,50951,False
4,397063,True
4,425738,True
4,127754,True
4,415503,False
4,483087,True
4,434959,True
4,255762,True
4,62233,False
4,83737,True
4,85789,False
4,85790,True
4,319265,True
4,50982,False
4,319274,True
4,205615,False
4,147256,False
4,464699,False
4,88892,True
4,51008,True
4,144194,False
4,478018,False
4,51019,False
4,85836,True
4,221006,False
4,54094,False
4,72531,True
4,289624,True
4,186202,False
4,54109,False
4,455519,False
4,9056,False
4,51046,False
4,294759,True
4,318313,True
4,28524,False
4,454510,False
4,433009,False
4,438129,True
4,147314,True
4,454515,True
4,438132,False
4,26485,False
4,38774,False
4,245622,False
4,488310,False
4,438142,True
4,56191,True
4,170880,False
4,485248,False
4,294782,True
4,230283,True
4,168849,False
4,239522,False
4,154530,False
4,414637,False
4,56243,False
4,276403,False
4,49075,True
4,124874,True
4,59339,False
4,145359,False
4,310223,True
4,145361,False
4,408528,False
4,306131,False
4,492500,False
4,453589,False
4,434143,True
4,471010,False
4,145380,True
4,469991,True
4,147439,True
4,357372,False
4,409599,True
5,101378,False
5,243722,False
5,485390,True
5,421902,False
5,126997,True
5,192542,False
5,418848,True
5,321569,False
5,213026,False
5,116769,True
5,272419,True
5,109600,True
5,37929,True
5,147498,True
5,121902,False
5,492590,False
5,10288,False
5,324661,True
5,191545,True
5,218171,True
5,157756,True
5,340033,False
5,35907,False
5,324676,False
5,451661,True
5,202831,False
5,57429,False
5,57430,False
5,57431,True
5,144470,False
5,131163,True
5,54366,False
5,367716,False
5,99432,True
5,480361,False
5,113778,True
5,113787,False
5,141435,True
5,186494,True
5,133254,True
5,419974,False
5,228489,False
5,342156,False
5,410766,False
5,37006,True
5,46225,True
5,228498,False
5,373906,True
5,404632,False
5,375961,True
5,109726,True
5,362655,True
5,41118,False
5,460961,True
5,65701,True
5,159910,True
5,353448,False
5,70825,True
5,166057,True
5,471223,False
5,228536,False
5,143546,False
5,239811,True
5,43207,False
5,270535,True
5,372942,False
5,14553,False
5,54491,True
5,213215,True
5,35042,True
5,35044,True
5,362728,True
5,35054,False
5,215281,True
5,226554,True
5,34047,False
5,408832,False
5,41218,True
5,224514,False
5,385285,False
5,285959,True
5,211213,True
5,64785,True
5,365842,True
5,96537,True
5,290075,False
5,365852,True
5,471325,True
5,367901,False
5,151836,False
5,447775,False
5,117025,True
5,221473,True
5,141604,True
5,281892,False
5,36136,True
5,60713,True
5,87341,True
5,294190,True
5,241966,True
5,185649,True
5,120115,True
5,81206,False
5,121146,False
5,73025,True
5,352579,True
5,174406,True
5,186699,True
5,293196,True
5,10574,True
5,26963,False
5,125271,False
5,171356,False
5,136540,True
5,54622,False
5,246117,True
5,396655,True
5,266613,True
5,146810,False
5,88442,True
5,22908,True
5,22909,False
5,50563,False
5,38278,True
5,38285,True
5,159121,False
5,247186,False
5,469394,True
5,382356,False
5,50581,True
5,301462,True
5,352666,False
5,343451,False
5,126364,True
5,486812,False
5,224670,False
5,292255,True
5,215457,False
5,48549,False
5,361893,True
5,102823,False
5,54699,False
5,42411,True
5,66989,False
5,480686,True
5,118191,True
5,139697,False
5,343491,False
5,382411,False
5,344523,True
5,6603,True
5,299474,False
5,136658,True
5,27097,False
5,77276,True
5,287196,True
5,77278,False
5,77280,False
5,82402,True
5,373220,True
5,475620,True
5,220648,True
5,239083,False
5,257515,True
5,380398,False
5,392691,True
5,63987,True
5,111094,False
5,121343,False
5,107007,True
5,219653,True
5,219664,True
5,454160,False
5,114200,False
5,122401,True
5,45603,False
5,407080,True
5,4649,False
5,41514,True
5,98859,True
5,383532,True
5,397871,True
5,397872,True
5,40497,False
5,112184,True
5,422458,True
5,378427,False
5,324158,False
5,191040,True
5,73284,True
5,486985,False
5,61004,True
5,104013,False
5,197200,False
5,364113,True
5,31316,True
5,45652,True
5,296535,False
5,254556,True
5,280159,True
5,63072,False
5,404068,False
5,42601,False
5,236138,False
5,143980,False
5,65134,True
5,139890,True
5,72323,True
5,47747,False
5,340612,False
5,368269,True
5,486029,True
5,316046,False
5,332433,False
5,134803,True
5,42644,False
5,81557,False
5,41622,True
5,80536,True
5,78489,True
5,377498,False
5,25242,True
5,375450,True
5,56989,False
5,52895,False
5,100001,True
5,40609,True
5,303778,False
5,60069,True
5,494249,False
5,249513,True
5,42666,True
5,454316,False
5,112301,True
5,78507,True
5,102067,False
5,493237,False
5,109238,True
5,415413,False
5,102074,True
5,418491,True
5,465603,True
5,80581,True
5,97990,True
5,75466,False
5,97998,True
5,42704,True
5,250577,True
5,98002,False
5,340693,False
5,67290,False
5,120541,False
5,10975,True
5,334562,False
5,150244,True
5,256742,True
5,260841,True
5,466667,False
5,378608,True
5,42740,True
5,448246,True
5,474871,True
5,493305,True
5,386812,True
5,419580,True
5,253694,True
5,403203,True
5,97028,False
5,386822,True
5,458502,True
5,160526,False
5,241425,False
5,56085,False
5,490266,True
5,283418,True
5,202530,False
5,112419,True
5,130855,True
5,391984,True
5,249654,True
5,19257,False
5,45881,True
5,360260,False
5,357191,False
5,474955,False
5,151384,True
5,100184,True
5,100189,False
5,38750,True
5,173919,False
5,471903,False
5,368482,True
5,84837,True
5,92007,True
5,62313,False
5,131946,True
5,100203,False
5,387950,True
5,110451,False
5,438134,True
5,49027,True
5,129925,True
5,93062,True
5,399240,True
5,251786,False
5,332683,True
5,309133,True
5,441232,True
5,155538,True
5,359320,True
5,38811,False
5,364453,False
5,116648,True
5,146344,False
5,89002,True
5,85929,True
5,253865,False
5,306088,True
5,247727,True
5,83893,True
5,269242,True
5,65467,False
5,309180,True
5,432058,True
5,83906,True
5,85956,True
5,141256,True
5,194509,False
5,145359,False
5,145365,True
5,130005,True
5,83925,True
5,111575,True
5,145367,True
5,204766,True
5,192479,True
5,130018,False
5,101348,False
5,133092,False
5,217063,True
5,56299,True
5,410604,False
5,83953,True
5,156657,False
5,125944,True
5,241659,True
6,396288,False
6,447492,True
6,20486,False
6,30727,False
6,344072,False
6,189450,False
6,56334,True
6,14352,True
6,77841,True
6,429073,False
6,478235,True
6,235548,True
6,44059,False
6,57381,False
6,139302,True
6,440358,True
6,304168,False
6,70696,False
6,8237,False
6,340013,True
6,389169,False
6,345140,False
6,67643,False
6,64578,True
6,478279,True
6,2123,False
6,64589,False
6,460878,False
6,122960,False
6,56404,True
6,139349,False
6,70748,False
6,244830,False
6,45155,True
6,111722,False
6,126060,True
6,76916,True
6,45187,True
6,95366,True
6,77966,False
6,63639,True
6,68770,False
6,120995,False
6,72869,True
6,279718,True
6,21672,False
6,282794,True
6,358571,False
6,72875,True
6,249005,False
6,21682,False
6,362675,True
6,388277,False
6,49333,True
6,80053,True
6,471223,False
6,89276,False
6,471229,True
6,42176,True
6,400582,True
6,202963,False
6,490708,False
6,446680,True
6,250075,True
6,87261,False
6,78045,True
6,345315,True
6,56548,False
6,344297,True
6,484586,False
6,418026,True
6,350447,False
7,18434,True
7,228355,False
7,211974,False
7,118796,True
7,437262,False
7,446479,False
7,190484,False
7,207893,False
7,418844,False
7,109599,False
7,269344,False
7,207906,True
7,117794,True
7,18481,False
7,21555,True
7,161844,False
7,366652,True
7,336959,True
7,59459,False
7,21571,True
7,382023,True
7,226387,False
7,151636,True
7,312410,False
7,287838,False
7,159843,True
7,32871,True
7,148597,False
7,255095,True
7,105593,True
7,85124,True
7,498826,False
7,226447,True
7,71824,False
7,194705,False
7,490647,True
7,375960,False
7,153755,False
7,48283,True
7,460958,True
7,344224,False
7,53410,False
7,241832,False
7,498859,False
7,37039,False
7,149688,True
7,471226,True
7,255162,False
7,321724,True
7,454855,False
7,53454,False
7,226513,True
7,252114,False
7,37074,False
7,438487,True
7,431330,False
7,35042,True
7,17639,True
7,48363,True
7,399598,False
7,189679,True
7,123119,True
7,241907,False
7,21749,True
7,471288,False
7,60666,True
7,447739,True
7,72961,False
7,374021,False
7,217350,False
7,485645,False
7,473359,True
7,62736,False
7,46355,False
7,471316,False
7,377108,False
7,217370,False
7,304411,True
7,234781,True
7,57629,False
7,381215,False
7,368930,True
7,363817,False
7,471340,True
7,227629,False
7,471344,True
7,359731,True
7,17716,False
7,25914,False
7,226619,False
7,98627,True
7,415043,False
7,417095,True
7,390474,False
7,482634,False
7,100682,True
7,216406,True
7,496984,False
7,204125,False
7,125282,False
7,54628,True
7,471397,False
7,226660,True
7,115052,False
7,277872,True
7,471412,False
7,190837,True
7,218488,False
7,317817,True
7,196991,True
7,470404,False
7,460166,True
7,220553,True
7,220554,True
7,250252,True
7,10637,False
7,55693,True
7,351629,False
7,334225,False
7,470420,True
7,480661,True
7,480662,False
7,471447,True
7,471448,True
7,317847,True
7,225690,True
7,133532,False
7,470430,False
7,330147,False
7,173476,False
7,134566,True
7,421287,False
7,68009,True
7,421291,True
7,480685,False
7,330159,False
7,134575,True
7,422319,True
7,359859,False
7,459191,False
7,480699,False
7,168379,True
7,173502,False
7,211393,False
7,10690,True
7,432579,True
7,383428,True
7,101826,False
7,308673,False
7,213448,False
7,339401,False
7,61901,True
7,206286,False
7,237005,True
7,10706,True
7,302546,True
7,99796,False
7,237013,True
7,480726,True
7,444886,False
7,208342,False
7,237019,False
7,237025,False
7,378352,True
7,193009,False
7,226801,True
7,83453,True
7,330239,True
7,226820,True
7,10760,True
7,231948,True
7,114193,False
7,496145,False
7,133652,False
7,288278,True
7,4636,False
7,242209,True
7,221733,False
7,140844,False
7,405051,True
7,200254,True
7,49727,True
7,237118,True
7,190019,False
7,304712,False
7,221769,False
7,340559,False
7,30287,True
7,240214,True
7,259671,True
7,87640,False
7,321110,True
7,473690,False
7,221788,False
7,226917,True
7,416370,True
7,330355,True
7,21106,True
7,339575,False
7,104059,False
7,121468,False
7,359044,False
7,218757,True
7,389767,True
7,492169,True
7,251531,True
7,81554,False
7,290451,False
7,3731,False
7,252567,True
7,377505,False
7,425637,False
7,399016,True
7,240299,True
7,49838,False
7,181935,False
7,222904,False
7,203457,True
7,115394,False
7,349894,False
7,391892,True
7,55006,False
7,85729,True
7,482017,True
7,236258,True
7,18149,False
7,394981,False
7,103154,True
7,300786,False
7,294643,True
7,294647,True
7,75513,False
7,233211,False
7,212738,False
7,405250,False
7,75525,False
7,378632,True
7,492296,False
7,423691,False
7,122640,True
7,227091,True
7,186148,False
7,283436,True
7,77626,False
7,127807,False
7,156486,True
7,244558,False
7,394065,True
7,91987,True
7,308056,True
7,109405,True
7,16224,False
7,125796,True
7,248678,False
7,294759,True
7,90985,True
7,164716,True
7,56176,True
7,419696,False
7,438133,False
7,241527,True
7,264061,False
7,294782,True
7,392064,False
7,391040,False
7,366466,False
7,438148,False
7,69511,True
7,203660,True
7,125836,True
7,405389,True
7,407439,False
7,309132,True
7,36756,True
7,233367,False
7,413592,False
7,227237,True
7,359334,True
7,151465,False
7,89002,False
7,145323,False
7,290737,True
7,69554,False
7,283575,False
7,82877,True
7,366526,False
7,214975,True
7,33726,False
7,421829,True
7,377797,True
7,191432,True
7,112584,True
7,102346,False
7,123851,False
7,32718,True
7,137167,False
7,379856,False
7,145363,False
7,492500,False
7,134100,False
7,326615,False
7,234462,True
7,143329,False
7,444391,True
7,326632,True
7,199658,False
7,192491,False
7,29675,True
7,179179,False
7,145391,True
7,212975,False
7,103411,False
7,172020,True
7,240629,False
7,493562,False
8,194561,False
8,485381,True
8,394257,False
8,322578,False
8,445466,True
8,100385,True
8,287779,False
8,415780,True
8,442407,True
8,476201,False
8,267308,False
8,162862,True
8,19506,True
8,238643,False
8,181299,True
8,124981,False
8,181303,True
8,64568,True
8,27704,True
8,330816,False
8,413762,False
8,203842,False
8,15428,False
8,239686,False
8,350280,False
8,311369,True
8,165964,False
8,198734,False
8,233553,False
8,141399,False
8,419935,False
8,384097,False
8,386145,True
8,133225,False
8,325741,False
8,318576,False
8,217208,False
8,430200,False
8,247933,False
8,92286,False
8,191614,False
8,121981,False
8,234627,True
8,346244,True
8,169100,True
8,371859,False
8,375956,True
8,375957,False
8,375960,False
8,446620,False
8,48285,False
8,498850,False
8,362659,False
8,51363,False
8,82087,False
8,136359,True
8,341165,True
8,498866,True
8,473268,False
8,221365,True
8,430270,False
8,65729,False
8,471235,False
8,86215,False
8,354504,True
8,35018,True
8,437453,False
8,222413,True
8,323790,True
8,323792,False
8,327887,True
8,59601,False
8,471256,False
8,471260,False
8,312540,True
8,395490,True
8,488679,True
8,23784,False
8,48365,False
8,422131,False
8,199925,True
8,132344,False
8,362747,False
8,406781,False
8,447741,True
8,482559,False
8,92416,True
8,471297,False
8,225540,False
8,169220,False
8,398596,False
8,412938,False
8,86282,True
8,127242,False
8,270,False
8,277774,True
8,115986,True
8,96532,False
8,96533,True
8,96534,False
8,470296,False
8,355613,False
8,96544,False
8,67872,False
8,96547,True
8,148771,False
8,257315,False
8,471334,True
8,11555,True
8,339238,True
8,471337,True
8,307498,False
8,196905,True
8,185643,False
8,239909,True
8,471342,True
8,256304,True
8,242995,False
8,88375,False
8,295232,True
8,64834,True
8,331075,False
8,195906,False
8,263498,False
8,354635,False
8,128335,True
8,122192,True
8,225615,True
8,418130,False
8,122207,False
8,165219,False
8,274795,True
8,31087,True
8,152944,True
8,291185,False
8,108914,False
8,299380,True
8,125304,False
8,490872,True
8,220551,False
8,220559,True
8,470416,False
8,489873,False
8,470418,False
8,480659,False
8,107925,False
8,189847,False
8,438680,True
8,63896,False
8,3481,True
8,480667,True
8,170399,True
8,76191,True
8,441764,False
8,480680,True
8,480681,True
8,480682,True
8,480685,True
8,36269,False
8,117168,True
8,366002,False
8,359859,False
8,485813,True
8,112053,True
8,490935,True
8,46520,True
8,480699,True
8,325052,False
8,472507,False
8,315844,True
8,225738,False
8,84427,True
8,133584,True
8,352721,True
8,480725,True
8,361942,False
8,21974,False
8,209372,True
8,245213,True
8,195041,True
8,351714,False
8,68075,False
8,106989,False
8,334324,False
8,201206,False
8,303607,True
8,127484,False
8,470527,False
8,310792,True
8,532,False
8,343578,False
8,143900,False
8,72222,True
8,373279,True
8,80415,False
8,80418,False
8,59938,False
8,63016,True
8,373296,False
8,129585,True
8,363058,True
8,335410,False
8,202295,False
8,389687,True
8,164408,False
8,287290,False
8,458299,False
8,17980,False
8,126531,False
8,260677,True
8,313927,False
8,8775,False
8,101961,True
8,418375,False
8,69197,True
8,302669,False
8,427599,True
8,80464,True
8,298576,False
8,269914,False
8,34398,True
8,391776,False
8,293474,True
8,32361,True
8,44650,False
8,394859,True
8,240243,False
8,174709,False
8,443003,False
8,256643,True
8,287364,False
8,453255,True
8,211592,True
8,316041,False
8,357001,False
8,443017,False
8,309906,False
8,494228,True
8,214676,False
8,394903,False
8,136864,False
8,354978,False
8,267940,False
8,487078,False
8,113322,False
8,290474,False
8,494252,True
8,37555,False
8,105141,True
8,364220,True
8,492225,False
8,241346,False
8,378565,True
8,451270,False
8,135881,False
8,486092,False
8,111311,True
8,349910,True
8,273116,False
8,103132,True
8,103136,True
8,285408,False
8,152304,False
8,412404,True
8,40696,True
8,31485,False
8,462596,True
8,97034,False
8,48908,False
8,140044,False
8,235283,True
8,302867,True
8,169752,True
8,93984,True
8,303906,True
8,203554,False
8,358181,False
8,21289,False
8,83760,False
8,281394,False
8,498482,False
8,143157,True
8,254773,False
8,266043,True
8,207682,True
8,83778,False
8,15178,False
8,51019,False
8,320332,True
8,99150,True
8,102224,True
8,75601,False
8,482136,False
8,389980,False
8,138082,False
8,240483,False
8,280427,True
8,23404,True
8,495469,False
8,242542,False
8,438128,True
8,438129,True
8,438130,True
8,26485,False
8,438133,True
8,68471,True
8,23416,True
8,29563,False
8,244606,True
8,438148,False
8,426887,False
8,193422,False
8,163729,False
8,405395,True
8,54166,False
8,331673,False
8,84894,True
8,103332,True
8,186285,False
8,134063,False
8,244659,False
8,235445,False
8,83893,True
8,217015,False
8,346040,True
8,241600,False
8,355266,False
8,316359,False
8,359368,False
8,145353,True
8,145355,True
8,23502,False
8,145359,False
8,137167,False
8,421839,True
8,422862,False
8,145363,False
8,179155,True
8,397270,False
8,404440,False
8,70617,False
8,487387,False
8,392155,True
8,121821,False
8,46046,True
8,317407,False
8,46049,True
8,147426,True
8,145380,True
8,388073,True
8,260075,True
8,479211,True
8,150508,True
8,194539,False
8,145391,True
8,483312,False
8,295922,True
8,145395,False
8,36852,False
8,491506,True
8,368626,False
8,327671,True
8,369657,False
9,485382,True
9,54279,True
9,349199,True
9,392208,False
9,428048,False
9,53267,False
9,53271,False
9,180250,False
9,216095,True
9,47138,True
9,115751,False
9,485424,False
9,188468,False
9,60469,False
9,395318,False
9,318519,True
9,493623,False
9,481337,False
9,52282,False
9,485431,False
9,252990,False
9,212035,False
9,116804,True
9,429125,False
9,204872,True
9,417867,True
9,83020,False
9,120909,True
9,336975,False
9,108623,False
9,365651,False
9,346196,False
9,458842,False
9,490594,False
9,257122,False
9,76907,False
9,430192,False
9,333949,True
9,186494,True
9,428159,False
9,44167,True
9,137352,True
9,237704,True
9,52362,False
9,60558,True
9,60559,False
9,33936,False
9,375959,True
9,225432,False
9,287897,True
9,375964,True
9,375965,True
9,188584,False
9,70825,False
9,263343,False
9,349361,True
9,465078,False
9,471223,True
9,413878,True
9,288958,False
9,471232,True
9,85189,False
9,471241,True
9,425169,False
9,78036,False
9,422111,False
9,208097,False
9,379106,True
9,250082,False
9,264417,False
9,439524,False
9,201965,False
9,121072,False
9,391414,False
9,399611,True
9,16641,False
9,82181,False
9,263,False
9,149768,True
9,38152,False
9,149770,False
9,308498,True
9,115986,False
9,439572,False
9,96535,True
9,205079,False
9,188697,False
9,478490,True
9,96540,True
9,96541,True
9,471325,False
9,252189,False
9,6432,False
9,96545,True
9,135458,True
9,432416,True
9,471337,True
9,96554,True
9,486697,True
9,235823,False
9,471345,False
9,471346,False
9,81201,False
9,471348,False
9,471359,True
9,140607,True
9,205123,False
9,471367,False
9,398663,False
9,260425,False
9,437578,False
9,10574,True
9,142673,True
9,443734,False
9,353623,False
9,429399,False
9,112988,False
9,486750,True
9,453986,True
9,431468,False
9,434542,False
9,374127,True
9,495982,True
9,9585,False
9,99698,True
9,369017,True
9,76154,True
9,47483,False
9,362876,False
9,429437,False
9,68991,False
9,58758,False
9,226696,False
9,255369,True
9,417161,True
9,47500,False
9,220560,True
9,456086,True
9,37271,False
9,480664,False
9,96666,True
9,480668,True
9,470429,False
9,269727,False
9,170399,True
9,107935,False
9,76191,True
9,426399,False
9,471463,False
9,310696,True
9,243112,True
9,87466,True
9,42411,True
9,480684,True
9,115118,True
9,131504,False
9,480689,True
9,470450,False
9,92594,False
9,104884,False
9,161205,True
9,45496,True
9,371129,False
9,334266,False
9,31163,False
9,115135,False
9,216514,False
9,171461,True
9,226759,False
9,139719,False
9,65993,False
9,390601,False
9,64971,True
9,410065,False
9,150995,True
9,1491,False
9,367061,False
9,109019,True
9,59871,False
9,328161,False
9,373220,True
9,115172,False
9,129513,False
9,422379,False
9,486892,False
9,396786,True
9,305652,False
9,390646,False
9,274937,False
9,105978,False
9,108027,False
9,314876,False
9,429565,False
9,377342,True
9,66053,False
9,208392,True
9,136715,True
9,525,False
9,426509,False
9,208401,False
9,82451,True
9,256531,False
9,265749,False
9,272930,False
9,238122,True
9,246317,True
9,108080,False
9,346676,True
9,114228,False
9,73273,False
9,141882,False
9,80443,False
9,481853,True
9,64062,True
9,107072,False
9,121411,False
9,73284,True
9,121420,False
9,469582,False
9,114254,False
9,364113,True
9,432724,False
9,216662,False
9,481878,False
9,59996,False
9,439901,False
9,86624,False
9,311904,False
9,320098,False
9,3684,False
9,252517,False
9,112236,False
9,199276,False
9,200302,False
9,140909,False
9,182896,True
9,431728,False
9,7796,False
9,154235,False
9,114299,False
9,39551,False
9,385666,False
9,132743,False
9,478856,False
9,489096,False
9,218762,False
9,493195,True
9,492172,True
9,163469,False
9,199316,True
9,427673,False
9,126618,False
9,76446,False
9,303774,False
9,132770,True
9,421542,True
9,494249,False
9,494253,True
9,340653,True
9,176817,False
9,100022,False
9,170679,False
9,340663,False
9,216767,True
9,241346,False
9,370379,True
9,449232,False
9,148180,False
9,52950,False
9,110295,True
9,63195,False
9,9948,False
9,120541,False
9,342752,True
9,95969,True
9,334562,True
9,100069,False
9,38630,False
9,34542,False
9,216814,False
9,432882,False
9,69366,True
9,434940,False
9,195327,False
9,208645,False
9,160519,False
9,278280,False
9,218890,True
9,151306,False
9,29453,False
9,353045,False
9,261911,False
9,92954,False
9,166691,True
9,412453,True
9,484134,False
9,153382,False
9,178983,False
9,216872,True
9,436014,True
9,384821,False
9,19257,True
9,357180,False
9,428860,False
9,181056,False
9,220993,False
9,443203,False
9,151368,False
9,147273,False
9,170826,True
9,253771,False
9,318287,True
9,474962,False
9,65367,False
9,297819,False
9,251740,False
9,486240,True
9,486242,True
9,280428,True
9,334703,False
9,284531,False
9,438132,True
9,110454,True
9,317304,False
9,438137,True
9,1913,False
9,296830,False
9,295806,False
9,425860,False
9,57223,False
9,52112,True
9,417688,False
9,52124,False
9,64413,False
9,338846,False
9,342950,True
9,64428,False
9,269242,False
9,238526,False
9,428990,False
9,424896,False
9,409542,False
9,8136,False
9,116680,False
9,194509,True
9,145361,True
9,338898,True
9,292818,False
9,269270,True
9,431063,False
9,74712,True
9,145371,True
9,429019,False
9,423903,False
9,93153,False
9,300003,False
9,205803,False
9,340975,True
9,357360,False
9,10226,True
9,342004,True
9,10231,False
9,231421,True
